EmployeeNumber,Attrition
104,No
1638,No
164,No
395,No
53,No
1467,Yes
727,No
351,No
555,Yes
253,No
1363,No
1799,No
42,Yes
724,No
1671,No
1624,Yes
1778,No
930,No
514,Yes
669,No
32,No
1015,No
1858,No
1383,No
894,No
336,No
208,No
684,Yes
362,No
364,Yes
428,No
1836,No
1893,No
837,No
1085,No
881,Yes
1725,No
1125,No
1361,No
1161,No
1428,No
975,No
1928,Yes
1317,No
1258,No
875,No
377,No
2025,No
543,No
24,No
1805,No
1239,No
1641,No
1443,No
970,Yes
340,No
1871,No
1117,No
1464,Yes
1941,No
1803,No
450,No
474,No
827,No
1677,No
1098,Yes
511,No
1612,No
2061,No
372,No
103,No
819,Yes
900,No
1615,No
1639,Yes
717,No
1224,No
1998,No
1457,Yes
1802,No
558,No
1311,No
1293,No
1004,Yes
1434,No
184,No
1163,No
451,No
1070,No
483,No
1954,No
416,No
374,No
683,No
460,No
314,No
721,No
139,No
1635,No
352,No
580,No
1056,No
388,No
1556,No
194,No
305,No
246,No
1714,Yes
820,No
1850,No
1647,No
1955,No
1228,No
1961,No
1678,No
1875,No
1981,No
2060,No
1544,No
1033,Yes
1032,No
527,No
1336,No
924,No
507,No
1627,No
758,No
1243,No
124,No
1441,No
1267,No
895,No
487,No
1162,No
2014,No
692,No
1783,Yes
1077,Yes
96,No
455,No
836,No
775,No
1425,No
498,No
36,No
1362,No
1669,No
1094,No
454,Yes
1251,No
207,No
1881,No
1611,No
933,No
56,No
505,No
463,No
1027,No
967,Yes
1088,No
446,No
233,No
1166,No
293,No
1847,No
1150,No
1601,No
306,No
1233,No
1970,No
397,No
730,No
107,No
1701,No
1466,No
39,No
145,No
458,No
23,No
83,No
844,No
1655,No
1308,No
1809,Yes
462,No
1676,No
1045,No
378,No
1167,Yes
1967,Yes
1774,No
2015,No
1193,No
1499,No
386,No
406,No
807,No
1873,No
1397,No
228,No
987,No
1698,No
1350,No
567,No
772,No
1854,No
799,No
21,No
1515,No
475,No
1645,Yes
605,No
430,No
1240,No
110,No
238,No
738,No
38,No
731,No
615,No
1591,No
1431,No
1694,No
743,No
178,No
1211,No
1830,No
952,Yes
1932,No
1552,No
261,Yes
1083,No
1975,No
1035,No
1002,No
960,Yes
215,No
824,No
335,No
675,No
1504,Yes
667,Yes
829,No
1673,No
1746,No
1206,No
312,No
1024,No
1766,No
1082,Yes
57,No
709,No
444,No
702,Yes
118,Yes
1459,Yes
242,No
441,No
2021,No
1481,No
574,No
1929,No
76,No
26,No
404,No
1496,No
423,No
1709,No
1096,No
1465,No
1724,No
2032,Yes
1956,No
1204,No
204,No
437,No
918,Yes
245,No
686,No
641,No
7,No
1043,No
1299,Yes
1242,No
868,No
950,No
957,No
479,No
11,No
879,No
781,No
175,Yes
1586,No
1752,Yes
608,Yes
407,No
1608,No
1207,No
2,No
1133,No
1782,No
332,No
422,No
148,No
582,Yes
1598,No
1628,No
1852,No
789,No
154,No
1732,No
1355,No
1472,No
826,No
1503,No
1736,No
35,No
994,Yes
1215,No
977,Yes
153,No
1594,No
1124,No
341,No
2018,No
1692,Yes
631,Yes
997,No
299,Yes
1892,No
843,No
291,Yes
1196,No
2022,No
64,Yes
1485,No
940,No
1704,No
1815,No
1231,No
411,No
639,No
190,Yes
353,No
922,Yes
925,No
250,No
1143,No
150,No
2041,No
621,No
2053,No
1979,No
131,No
2027,Yes
1422,No
259,No
297,Yes
665,No
1996,No
1281,No
165,Yes
885,No
281,No
1535,No
926,Yes
1968,Yes
1136,No
1474,No
664,No
1973,No
33,Yes
160,No
847,No
1522,Yes
1185,No
1248,Yes
1216,No
1813,No
15,No
1218,No
587,Yes
1572,Yes
47,Yes
1486,Yes
1377,No
445,Yes
620,No
1798,No
1935,No
382,No
2044,Yes
776,No
1658,No
910,No
1834,No
1100,Yes
949,No
1754,No
916,No
1138,No
143,No
544,No
524,No
1277,Yes
1137,No
1583,No
1283,No
12,No
823,No
112,No
581,No
1912,No
1022,No
197,No
1827,No
1525,No
1329,No
1712,No
1927,No
30,No
1346,No
862,No
2062,No
1529,No
2010,No
333,No
1938,No
1018,No
842,Yes
749,No
206,No
1971,No
804,No
959,Yes
496,No
1839,No
746,No
1547,No
998,No
1280,No
1255,No
183,No
1865,No
1703,No
1947,No
1279,Yes
1409,No
262,No
495,No
793,No
1460,No
1391,No
134,No
1989,No
119,No
2055,Yes
754,No
1683,No
920,No
274,No
1745,No
461,No
1596,No
1900,No
532,No
1602,No
171,No
1509,No
934,No
1609,No
1372,Yes
369,No
315,Yes
1310,Yes
198,No
1264,No
1697,No
465,No
1435,No
334,No
1523,No
1734,Yes
339,No
992,No
31,Yes
161,Yes
2068,No
534,No
803,No
1969,No
1751,No
1430,No
113,No
880,No
367,No
1541,No
137,Yes
2048,No
742,No
1780,Yes
1761,Yes
1985,No
1661,No
8,No
715,No
720,Yes
1226,No
602,No
128,No
1448,No
1106,Yes
182,No
1367,No
1870,No
40,No
1987,No
549,No
1001,No
927,Yes
584,Yes
1184,No
1548,No
585,No
27,Yes
226,No
1017,Yes
792,No
221,No
2064,No
1356,No
599,No
513,No
1152,No
1109,No
771,No
1458,Yes
1446,No
2000,No
1076,No
1389,Yes
733,No
874,No
1740,No
1275,No
852,No
1585,No
1662,No
1707,No
55,Yes
762,No
1318,Yes
586,No
1411,No
2045,No
796,Yes
1940,No
1049,No
384,No
1013,No
510,Yes
1878,Yes
1533,No
1722,No
1885,No
162,No
2023,Yes
1421,Yes
1392,No
1886,No
1375,No
1767,Yes
1768,No
800,No
426,No
932,Yes
1588,No
296,No
947,No
1682,No
1546,No
1502,No
1069,No
1716,Yes
536,No
825,Yes
632,No
663,No
649,No
625,No
200,No
1693,No
630,No
1489,Yes
763,No
1733,Yes
845,No
550,No
448,No
241,No
1403,No
556,No
811,Yes
1007,No
309,No
1542,No
1358,No
433,Yes
419,No
1298,No
284,No
783,No
1412,No
1026,No
1824,No
976,No
566,Yes
469,No
254,No
1965,No
1364,No
1484,No
169,No
1613,No
1250,No
999,No
1527,No
20,No
1225,No
518,No
699,No
1270,No
2019,No
1190,No
1417,No
624,No
1156,Yes
1265,No
1922,No
806,No
1127,Yes
564,No
529,No
485,Yes
424,No
121,No
1037,Yes
1436,No
1960,Yes
1720,No
387,No
70,No
1157,Yes
700,No
1822,No
838,No
941,No
1420,Yes
338,No
449,No
1691,Yes
1651,No
1617,No
812,No
614,Yes
1737,No
945,No
1804,No
889,No
343,No
520,No
1415,No
252,No
1079,Yes
716,No
1837,No
501,No
288,No
958,No
850,No
1551,No
1721,No
1949,No
1797,Yes
848,Yes
565,Yes
1739,No
1670,No
1092,No
140,No
1640,No
337,No
2007,No
1252,No
1449,No
1419,No
1340,No
612,No
964,No
350,No
644,No
2057,No
51,No
1081,Yes
2038,No
1480,No
1046,No
729,No
98,No
1379,Yes
1706,No
1405,Yes
1945,No
484,No
638,No
376,Yes
1553,No
1212,No
961,No
1294,No
1103,No
1980,No
981,No
936,No
308,No
1380,Yes
1210,Yes
235,Yes
859,No
1042,Yes
882,No
1657,No
1118,No
984,No
1241,No
1775,No
1903,No
410,No
1101,Yes
1304,No
319,No
420,No
723,Yes
1440,No
833,No
1599,No
972,No
476,No
766,No
1273,Yes
1401,No
1573,Yes
1289,No
722,No
224,No
116,No
385,No
193,No
1974,No
488,Yes
1931,No
1667,Yes
1756,No
662,No
1055,No
1012,No
712,No
1801,No
1321,No
1115,No
1719,No
515,No
828,Yes
1482,No
2017,No
438,No
902,No
1800,No
546,No
1314,No
593,Yes
500,No
1554,No
1352,No
986,Yes
1771,No
1423,No
316,No
601,No
851,No
2065,No
904,No
431,No
1360,Yes
1497,No
816,Yes
1014,No
106,No
1883,No
983,No
578,No
680,No
857,No
346,No
1710,No
2037,No
897,No
174,No
1909,No
773,No
1344,No
138,No
179,Yes
1245,No
1829,No
1260,No
969,No
1558,No
854,No
328,Yes
1038,Yes
1291,No
300,Yes
1135,No
304,No
1576,No
551,No
1618,No
62,No
1814,No
1120,No
1461,No
1569,Yes
864,No
1198,No
560,No
666,No
1943,No
1668,No
1396,No
1254,No
359,No
1285,No
1755,No
494,Yes
1816,No
939,No
1292,No
805,No
530,No
1119,No
1113,Yes
728,No
1939,Yes
1772,No
144,No
606,No
752,Yes
1487,Yes
1631,No
1880,No
141,No
80,No
147,Yes
1368,No
1036,No
1034,No
1278,No
1876,Yes
1200,Yes
1786,No
1666,No
1916,No
158,No
1614,No
1108,Yes
1107,Yes
286,No
1182,No
657,No
1557,No
227,No
1164,No
1753,No
2046,No
1238,No
1288,No
1684,Yes
471,No
1349,No
2003,No
905,No
1863,No
1427,Yes
1656,No
1407,No
16,No
944,No
1859,No
1053,Yes
623,No
966,No
1731,No
704,No
872,No
1882,No
2049,No
355,Yes
1286,No
52,No
1469,No
405,Yes
151,No
1574,No
1952,No
1537,Yes
1794,No
2016,No
650,Yes
951,No
1158,No
1744,No
41,No
1009,No
1578,No
105,No
1948,No
797,No
732,No
1568,No
1605,No
379,No
634,No
1066,No
1687,No
283,Yes
1259,No
786,No
1735,No
1315,No
1770,No
1477,No
613,No
942,No
1374,No
481,No
1784,No
725,No
1180,No
74,No
834,No
282,Yes
132,No
54,No
656,No
784,No
1074,No
1501,No
710,No
1040,No
1068,No
855,No
1188,Yes
1747,Yes
347,No
239,No
1853,No
1221,No
1387,No
840,Yes
1301,No
68,No
1399,No
389,No
2056,No
690,No
893,No
1217,No
421,No
1944,Yes
554,Yes
217,No
1111,Yes
1995,No
1595,No
1907,Yes
1177,No
1047,No
1471,No
901,No
1790,No
1680,No
392,Yes
133,Yes
516,No
1621,No
1604,Yes
1580,No
1492,No
548,No
1729,No
1890,No
1562,Yes
571,No
329,No
1924,No
1986,No
923,Yes
1864,No
214,No
373,No
49,No
1039,No
473,No
526,No
2052,No
117,No
701,Yes
1257,No
1114,No
878,No
452,No
597,No
802,No
478,Yes
1649,Yes
1048,No
1132,No
95,No
1268,No
91,No
381,No
547,No
399,No
832,No
791,No
247,No
256,No
1933,Yes
1369,No
591,No
403,No
361,No
1029,No
436,No
996,No
1992,No
1010,Yes
1234,No
616,No
1495,No
1789,No
1606,No
467,No
568,No
1696,No
287,No
1664,No
273,No
1758,Yes
645,No
264,No
447,No
125,No
1823,No
1319,Yes
1622,No
202,No
533,No
90,Yes
1179,No
1195,No
760,No
1951,No
525,No
1249,No
63,No
1650,No
1269,No
249,No
1857,No
912,No
1116,No
1826,No
579,No
671,No
61,No
1898,No
244,No
1849,No
1869,Yes
679,No
88,No
1173,No
1936,No
58,Yes
1856,No
120,No
995,No
497,No
327,No
1099,No
956,No
1131,No
1324,No
1821,Yes
101,No
521,No
86,No
240,No
1256,No
899,No
741,Yes
271,No
321,No
1447,No
1702,Yes
648,Yes
84,No
1539,No
425,No
277,No
1073,No
1097,No
1867,No
691,No
1424,No
1473,No
1003,No
412,No
635,No
1025,No
205,No
192,No
1762,No
230,No
508,No
887,No
1646,No
1312,No
176,No
163,Yes
142,Yes
393,No
311,No
714,No
267,No
913,No
1633,No
2035,No
1071,No
1763,No
1453,No
1175,Yes
167,Yes
1105,No
1993,No
653,No
1506,No
323,No
1052,Yes
270,No
1866,No
342,Yes
1478,No
72,No
1997,No
861,No
659,No
1648,No
1681,No
46,No
655,No
2020,No
1545,No
60,No
1582,No
1577,No
1060,No
391,No
1165,Yes
590,Yes
1642,No
1860,No
1625,No
1764,No
1787,No
2013,No
45,Yes
1818,Yes
1659,No
2054,No
517,No
1842,Yes
28,No
2012,No
1982,No
1016,Yes
502,Yes
491,No
79,No
896,Yes
349,No
888,No
1555,No
600,No
1203,Yes
292,No
1172,No
647,Yes
1306,No
661,No
1950,No
1102,No
2040,No
231,No
1792,Yes
611,No
22,No
1128,No
577,No
97,No
830,No
1297,No
1121,No
1140,No
466,No
1334,No
1,Yes
1044,No
1520,No
1322,No
18,No
1030,No
769,No
867,No
1934,No
1394,No
94,No
1507,No
1534,Yes
903,No
1844,Yes
298,No
330,No
464,No
1011,No
19,Yes
954,No
1296,No
2026,No
531,No
1220,No
1513,No
1908,No
985,No
618,No
260,No
813,No
453,No
477,No
1905,Yes
2051,No
1338,No
1708,No
482,No
698,No
211,No
909,No
1653,No
78,No
442,No
380,No
199,No
170,No
81,No
982,No
809,No
302,No
390,No
734,No
394,Yes
152,No
1309,Yes
569,No
201,No
1483,No
974,No
1597,No
1219,Yes
757,No
1972,No
1581,No
1862,Yes
2024,No
1475,No
689,No
14,No
643,No
1779,No
218,No
1390,No
1307,No
1371,No
1006,No
1760,No
1718,No
705,No
456,No
85,No
1050,No
1061,No
1514,No
1549,No
1590,No
538,Yes
100,No
1994,No
1918,No
1019,No
677,No
1171,No
522,No
100000,
100001,
100002,
100003,
100004,
100005,
100006,
100007,
100008,
100009,
100010,
100011,
100012,
100013,
100014,
100015,
100016,
100017,
100018,
100019,
100020,
100021,
100022,
100023,
100024,
100025,
100026,
100027,
100028,
100029,
100030,
100031,
100032,
100033,
100034,
100035,
100036,
100037,
100038,
100039,
100040,
100041,
100042,
100043,
100044,
100045,
100046,
100047,
100048,
100049,
100050,
100051,
100052,
100053,
100054,
100055,
100056,
100057,
100058,
100059,
100060,
100061,
100062,
100063,
100064,
100065,
100066,
100067,
100068,
100069,
100070,
100071,
100072,
100073,
100074,
100075,
100076,
100077,
100078,
100079,
100080,
100081,
100082,
100083,
100084,
100085,
100086,
100087,
100088,
100089,
100090,
100091,
100092,
100093,
100094,
100095,
100096,
100097,
100098,
100099,
100100,
100101,
100102,
100103,
100104,
100105,
100106,
100107,
100108,
100109,
100110,
100111,
100112,
100113,
100114,
100115,
100116,
100117,
100118,
100119,
100120,
100121,
100122,
100123,
100124,
100125,
100126,
100127,
100128,
100129,
100130,
100131,
100132,
100133,
100134,
100135,
100136,
100137,
100138,
100139,
100140,
100141,
100142,
100143,
100144,
100145,
100146,
5001,No
5002,Yes
5003,No
5004,No
5005,Yes
5006,Yes
5007,No
5008,Yes
5009,No
5010,Yes
5011,Yes
5012,Yes
5013,Yes
5014,Yes
5015,No
5016,No
5017,Yes
5018,No
5019,Yes
5020,Yes
5021,Yes
5022,Yes
5023,Yes
5024,No
5025,Yes
5026,No
5027,Yes
5028,Yes
5029,Yes
5030,Yes
5031,Yes
5032,Yes
5033,Yes
5034,Yes
5035,Yes
5036,No
5037,Yes
5038,Yes
5039,Yes
5040,Yes
5041,Yes
5042,Yes
5043,Yes
5044,Yes
5045,Yes
5046,Yes
5047,Yes
5048,Yes
5049,Yes
5050,Yes
5051,Yes
5052,Yes
5053,Yes
5054,No
5055,Yes
5056,Yes
5057,No
5058,No
5059,No
5060,No
5061,No
5062,No
5063,Yes
5064,Yes
5065,No
5066,Yes
5067,Yes
5068,Yes
5069,Yes
5070,No
5071,Yes
5072,No
5073,No
5074,No
5075,Yes
5076,No
5077,No
5078,Yes
5079,Yes
5080,Yes
5081,Yes
5082,Yes
5083,Yes
5084,Yes
5085,No
5086,Yes
5087,Yes
5088,Yes
5089,Yes
5090,No
5091,No
5092,Yes
5093,Yes
5094,No
5095,Yes
5096,Yes
5097,Yes
5098,Yes
5099,Yes
5100,Yes
5101,Yes
5102,Yes
5103,Yes
5104,Yes
5105,No
5106,No
5107,Yes
5108,Yes
5109,No
5110,No
5111,Yes
5112,No
5113,Yes
5114,Yes
5115,No
5116,Yes
5117,No
5118,Yes
5119,Yes
5120,No
5121,No
5122,Yes
5123,Yes
5124,No
5125,Yes
5126,Yes
5127,Yes
5128,No
5129,Yes
5130,Yes
5131,Yes
5132,Yes
5133,Yes
5134,Yes
5135,Yes
5136,Yes
5137,No
5138,No
5139,Yes
5140,Yes
5141,No
5142,Yes
5143,Yes
5144,No
5145,No
5146,Yes
5147,Yes
5148,Yes
5149,Yes
5150,No
5151,No
5152,Yes
5153,No
5154,No
5155,Yes
5156,No
5157,Yes
5158,Yes
5159,Yes
5160,Yes
5161,Yes
5162,Yes
5163,Yes
5164,Yes
5165,Yes
5166,No
5167,Yes
5168,Yes
5169,Yes
5170,Yes
5171,No
5172,Yes
5173,Yes
5174,Yes
5175,No
5176,No
5177,Yes
5178,No
5179,No
5180,Yes
5181,Yes
5182,Yes
5183,Yes
5184,Yes
5185,Yes
5186,Yes
5187,Yes
5188,Yes
5189,Yes
5190,Yes
5191,No
5192,No
5193,Yes
5194,Yes
5195,Yes
5196,Yes
5197,No
5198,Yes
5199,Yes
5200,Yes
5201,Yes
5202,Yes
5203,No
5204,Yes
5205,No
5206,Yes
5207,Yes
5208,Yes
5209,No
5210,No
5211,Yes
5212,Yes
5213,Yes
5214,Yes
5215,Yes
5216,No
5217,Yes
5218,Yes
5219,Yes
5220,Yes
5221,Yes
5222,Yes
5223,Yes
5224,Yes
5225,No
5226,Yes
5227,Yes
5228,Yes
5229,Yes
5230,Yes
5231,Yes
5232,Yes
5233,Yes
5234,Yes
5235,Yes
5236,No
5237,Yes
5238,No
5239,Yes
5240,No
5241,Yes
5242,Yes
5243,Yes
5244,Yes
5245,No
5246,Yes
5247,Yes
5248,No
5249,Yes
5250,No
5251,No
5252,No
5253,Yes
5254,Yes
5255,Yes
5256,Yes
5257,No
5258,No
5259,Yes
5260,No
5261,No
5262,Yes
5263,Yes
5264,Yes
5265,No
5266,Yes
5267,No
5268,Yes
5269,No
5270,Yes
5271,Yes
5272,No
5273,Yes
5274,No
5275,Yes
5276,No
5277,No
5278,Yes
5279,No
5280,Yes
5281,No
5282,No
5283,No
5284,Yes
5285,Yes
5286,Yes
5287,Yes
5288,No
5289,Yes
5290,Yes
5291,Yes
5292,Yes
5293,No
5294,Yes
5295,No
5296,Yes
5297,No
5298,Yes
5299,Yes
5300,Yes
5301,Yes
5302,Yes
5303,Yes
5304,Yes
5305,No
5306,No
5307,No
5308,Yes
5309,Yes
5310,Yes
5311,Yes
5312,No
5313,No
5314,Yes
5315,Yes
5316,Yes
5317,No
5318,No
5319,Yes
5320,No
5321,No
5322,Yes
5323,Yes
5324,Yes
5325,No
5326,Yes
5327,Yes
5328,No
5329,No
5330,Yes
5331,Yes
5332,No
5333,Yes
5334,No
5335,No
5336,No
5337,Yes
5338,No
5339,Yes
5340,Yes
5341,No
5342,Yes
5343,Yes
5344,No
5345,Yes
5346,Yes
5347,No
5348,Yes
5349,No
5350,Yes
5351,No
5352,Yes
5353,Yes
5354,Yes
5355,Yes
5356,Yes
5357,No
5358,Yes
5359,Yes
5360,No
5361,Yes
5362,Yes
5363,No
5364,No
5365,No
5366,Yes
5367,Yes
5368,No
5369,No
5370,Yes
5371,Yes
5372,No
5373,No
5374,Yes
5375,Yes
5376,No
5377,Yes
5378,Yes
5379,No
5380,Yes
5381,No
5382,Yes
5383,Yes
5384,Yes
5385,Yes
5386,No
5387,Yes
5388,Yes
5389,Yes
5390,Yes
5391,Yes
5392,No
5393,Yes
5394,No
5395,Yes
5396,Yes
5397,Yes
5398,Yes
5399,No
5400,Yes
5401,Yes
5402,Yes
5403,Yes
5404,Yes
5405,Yes
5406,No
5407,Yes
5408,Yes
5409,Yes
5410,Yes
5411,Yes
5412,Yes
5413,Yes
5414,Yes
5415,Yes
5416,No
5417,Yes
5418,Yes
5419,Yes
5420,No
5421,Yes
5422,No
5423,Yes
5424,Yes
5425,No
5426,No
5427,Yes
5428,Yes
5429,No
5430,Yes
5431,No
5432,Yes
5433,Yes
5434,Yes
5435,Yes
5436,Yes
5437,Yes
5438,Yes
5439,No
5440,Yes
5441,Yes
5442,Yes
5443,No
5444,Yes
5445,Yes
5446,Yes
5447,No
5448,No
5449,Yes
5450,Yes
5451,Yes
5452,Yes
5453,Yes
5454,Yes
5455,No
5456,Yes
5457,No
5458,Yes
5459,Yes
5460,No
5461,Yes
5462,No
5463,Yes
5464,No
5465,Yes
5466,Yes
5467,No
5468,Yes
5469,Yes
5470,No
5471,Yes
5472,Yes
5473,No
5474,Yes
5475,Yes
5476,Yes
5477,No
5478,No
5479,Yes
5480,Yes
5481,No
5482,No
5483,No
5484,No
5485,Yes
5486,No
5487,Yes
5488,No
5489,No
5490,No
5491,No
5492,Yes
5493,Yes
5494,Yes
5495,Yes
5496,Yes
5497,Yes
5498,Yes
5499,Yes
5500,No
5501,Yes
5502,Yes
5503,Yes
5504,No
5505,No
5506,No
5507,No
5508,Yes
5509,No
5510,Yes
5511,Yes
5512,No
5513,Yes
5514,Yes
5515,Yes
5516,Yes
5517,No
5518,Yes
5519,No
5520,Yes
5521,Yes
5522,Yes
5523,Yes
5524,Yes
5525,No
5526,Yes
5527,Yes
5528,Yes
5529,Yes
5530,Yes
5531,No
5532,Yes
5533,Yes
5534,No
5535,Yes
5536,Yes
5537,No
5538,No
5539,No
5540,Yes
5541,No
5542,Yes
5543,Yes
5544,Yes
5545,Yes
5546,Yes
5547,Yes
5548,No
5549,Yes
5550,No
5551,Yes
5552,Yes
5553,Yes
5554,No
5555,Yes
5556,No
5557,Yes
5558,No
5559,Yes
5560,Yes
5561,Yes
5562,No
5563,Yes
5564,No
5565,Yes
5566,Yes
5567,Yes
5568,Yes
5569,Yes
5570,Yes
5571,No
5572,No
5573,No
5574,Yes
5575,Yes
5576,No
5577,No
5578,Yes
5579,Yes
5580,No
5581,Yes
5582,Yes
5583,Yes
5584,Yes
5585,Yes
5586,Yes
5587,Yes
5588,Yes
5589,No
5590,Yes
5591,Yes
5592,Yes
5593,Yes
5594,No
5595,Yes
5596,Yes
5597,Yes
5598,Yes
5599,No
5600,No
5601,Yes
5602,No
5603,No
5604,Yes
5605,Yes
5606,Yes
5607,No
5608,No
5609,No
5610,Yes
5611,Yes
5612,Yes
5613,Yes
5614,Yes
5615,Yes
5616,Yes
5617,Yes
5618,Yes
5619,No
5620,Yes
5621,Yes
5622,Yes
5623,Yes
5624,Yes
5625,Yes
5626,Yes
5627,Yes
5628,Yes
5629,Yes
5630,Yes
5631,Yes
5632,Yes
5633,No
5634,Yes
5635,Yes
5636,Yes
5637,Yes
5638,No
5639,No
5640,Yes
5641,No
5642,No
5643,Yes
5644,No
5645,Yes
5646,Yes
5647,No
5648,Yes
5649,Yes
5650,Yes
5651,Yes
5652,Yes
5653,Yes
5654,No
5655,Yes
5656,Yes
5657,No
5658,Yes
5659,Yes
5660,Yes
5661,No
5662,No
5663,Yes
5664,No
5665,Yes
5666,No
5667,Yes
5668,No
5669,No
5670,No
5671,No
5672,No
5673,Yes
5674,No
5675,Yes
5676,No
5677,Yes
5678,Yes
5679,Yes
5680,No
5681,No
5682,No
5683,Yes
5684,Yes
5685,Yes
5686,No
5687,No
5688,Yes
5689,Yes
5690,Yes
5691,Yes
5692,No
5693,Yes
5694,Yes
5695,Yes
5696,Yes
5697,Yes
5698,No
5699,Yes
5700,No
5701,Yes
5702,Yes
5703,Yes
5704,No
5705,Yes
5706,No
5707,Yes
5708,Yes
5709,Yes
5710,No
5711,Yes
5712,Yes
5713,No
5714,No
5715,Yes
5716,No
5717,Yes
5718,Yes
5719,Yes
5720,Yes
5721,No
5722,Yes
5723,Yes
5724,Yes
5725,Yes
5726,Yes
5727,Yes
5728,Yes
5729,No
5730,No
5731,Yes
5732,Yes
5733,Yes
5734,Yes
5735,No
5736,No
5737,Yes
5738,Yes
5739,No
5740,Yes
5741,Yes
5742,No
5743,Yes
5744,No
5745,Yes
5746,No
5747,No
5748,Yes
5749,No
5750,No
5751,No
5752,No
5753,No
5754,Yes
5755,Yes
5756,Yes
5757,Yes
5758,Yes
5759,Yes
5760,Yes
5761,Yes
5762,No
5763,Yes
5764,No
5765,Yes
5766,No
5767,No
5768,No
5769,Yes
5770,Yes
5771,Yes
5772,No
5773,Yes
5774,Yes
5775,No
5776,Yes
5777,Yes
5778,Yes
5779,Yes
5780,No
5781,Yes
5782,Yes
5783,No
5784,Yes
5785,Yes
5786,Yes
5787,No
5788,Yes
5789,Yes
5790,No
5791,No
5792,Yes
5793,No
5794,Yes
5795,Yes
5796,Yes
5797,No
5798,Yes
5799,Yes
5800,No
5801,Yes
5802,No
5803,Yes
5804,No
5805,Yes
5806,Yes
5807,No
5808,No
5809,Yes
5810,Yes
5811,Yes
5812,Yes
5813,Yes
5814,Yes
5815,No
5816,Yes
5817,Yes
5818,Yes
5819,Yes
5820,No
5821,No
5822,Yes
5823,Yes
5824,Yes
5825,Yes
5826,Yes
5827,Yes
5828,No
5829,Yes
5830,Yes
5831,No
5832,Yes
5833,Yes
5834,Yes
5835,Yes
5836,Yes
5837,Yes
5838,Yes
5839,No
5840,Yes
5841,Yes
5842,Yes
5843,Yes
5844,Yes
5845,No
5846,Yes
5847,No
5848,Yes
5849,No
5850,Yes
5851,No
5852,Yes
5853,No
5854,Yes
5855,No
5856,Yes
5857,Yes
5858,No
5859,Yes
5860,Yes
5861,No
5862,Yes
5863,Yes
5864,Yes
5865,No
5866,Yes
5867,Yes
5868,Yes
5869,Yes
5870,Yes
5871,No
5872,Yes
5873,Yes
5874,No
5875,No
5876,Yes
5877,Yes
5878,Yes
5879,Yes
5880,No
5881,Yes
5882,Yes
5883,Yes
5884,No
5885,Yes
5886,Yes
5887,No
5888,Yes
5889,No
5890,No
5891,Yes
5892,Yes
5893,Yes
5894,Yes
5895,Yes
5896,No
5897,Yes
5898,No
5899,Yes
5900,No
5901,No
5902,Yes
5903,Yes
5904,Yes
5905,Yes
5906,No
5907,Yes
5908,Yes
5909,Yes
5910,Yes
5911,Yes
5912,No
5913,Yes
5914,Yes
5915,Yes
5916,No
5917,Yes
5918,Yes
5919,Yes
5920,No
5921,Yes
5922,Yes
5923,Yes
5924,Yes
5925,Yes
5926,Yes
5927,Yes
5928,Yes
5929,No
5930,No
5931,Yes
5932,Yes
5933,Yes
5934,No
5935,Yes
5936,Yes
5937,Yes
5938,No
5939,Yes
5940,No
5941,Yes
5942,Yes
5943,No
5944,No
5945,No
5946,No
5947,Yes
5948,Yes
5949,No
5950,Yes
5951,No
5952,No
5953,Yes
5954,No
5955,No
5956,Yes
5957,Yes
5958,Yes
5959,Yes
5960,No
5961,No
5962,Yes
5963,Yes
5964,Yes
5965,Yes
5966,No
5967,Yes
5968,Yes
5969,Yes
5970,Yes
5971,No
5972,Yes
5973,Yes
5974,No
5975,Yes
5976,Yes
5977,Yes
5978,Yes
5979,Yes
5980,Yes
5981,Yes
5982,No
5983,Yes
5984,Yes
5985,Yes
5986,Yes
5987,Yes
5988,Yes
5989,Yes
5990,Yes
5991,Yes
5992,Yes
5993,Yes
5994,No
5995,Yes
5996,Yes
5997,No
5998,Yes
5999,Yes
6000,No
6001,No
6002,Yes
6003,No
6004,Yes
6005,No
6006,Yes
6007,Yes
6008,Yes
6009,Yes
6010,No
6011,Yes
6012,Yes
6013,No
6014,Yes
6015,No
6016,Yes
6017,Yes
6018,No
6019,No
6020,No
6021,Yes
6022,Yes
6023,Yes
6024,No
6025,No
6026,No
6027,Yes
6028,Yes
6029,No
6030,Yes
6031,No
6032,Yes
6033,Yes
6034,No
6035,Yes
6036,Yes
6037,Yes
6038,Yes
6039,Yes
6040,Yes
6041,Yes
6042,Yes
6043,Yes
6044,Yes
6045,Yes
6046,Yes
6047,Yes
6048,Yes
6049,No
6050,Yes
6051,Yes
6052,No
6053,Yes
6054,No
6055,No
6056,Yes
6057,No
6058,No
6059,No
6060,Yes
6061,No
6062,No
6063,Yes
6064,Yes
6065,Yes
6066,Yes
6067,Yes
6068,Yes
6069,Yes
6070,Yes
6071,Yes
6072,No
6073,Yes
6074,Yes
6075,No
6076,Yes
6077,Yes
6078,Yes
6079,Yes
6080,No
6081,No
6082,Yes
6083,Yes
6084,Yes
6085,Yes
6086,Yes
6087,Yes
6088,No
6089,Yes
6090,Yes
6091,Yes
6092,Yes
6093,No
6094,Yes
6095,Yes
6096,Yes
6097,No
6098,No
6099,Yes
6100,Yes
6101,Yes
6102,Yes
6103,Yes
6104,Yes
6105,Yes
6106,Yes
6107,No
6108,Yes
6109,Yes
6110,Yes
6111,Yes
6112,No
6113,Yes
6114,Yes
6115,Yes
6116,No
6117,No
6118,Yes
6119,Yes
6120,Yes
6121,No
6122,Yes
6123,No
6124,Yes
6125,Yes
6126,No
6127,No
6128,Yes
6129,No
6130,Yes
6131,Yes
6132,Yes
6133,Yes
6134,No
6135,Yes
6136,Yes
6137,No
6138,Yes
6139,No
6140,Yes
6141,No
6142,No
6143,Yes
6144,Yes
6145,Yes
6146,Yes
6147,Yes
6148,Yes
6149,No
6150,No
6151,No
6152,Yes
6153,No
6154,Yes
6155,Yes
6156,Yes
6157,No
6158,Yes
6159,No
6160,Yes
6161,Yes
6162,Yes
6163,Yes
6164,Yes
6165,No
6166,Yes
6167,No
6168,Yes
6169,Yes
6170,Yes
6171,Yes
6172,No
6173,Yes
6174,Yes
6175,No
6176,Yes
6177,No
6178,No
6179,Yes
6180,Yes
6181,No
6182,No
6183,No
6184,No
6185,Yes
6186,Yes
6187,No
6188,No
6189,Yes
6190,Yes
6191,Yes
6192,Yes
6193,Yes
6194,No
6195,Yes
6196,Yes
6197,Yes
6198,Yes
6199,Yes
6200,Yes
6201,No
6202,No
6203,No
6204,Yes
6205,Yes
6206,No
6207,No
6208,Yes
6209,Yes
6210,No
6211,Yes
6212,No
6213,No
6214,No
6215,No
6216,No
6217,Yes
6218,Yes
6219,Yes
6220,Yes
6221,Yes
6222,Yes
6223,Yes
6224,Yes
6225,Yes
6226,Yes
6227,No
6228,Yes
6229,No
6230,No
6231,Yes
6232,Yes
6233,No
6234,No
6235,No
6236,Yes
6237,Yes
6238,Yes
6239,Yes
6240,Yes
6241,Yes
6242,Yes
6243,Yes
6244,Yes
6245,No
6246,No
6247,No
6248,No
6249,Yes
6250,No
6251,Yes
6252,Yes
6253,Yes
6254,Yes
6255,Yes
6256,Yes
6257,Yes
6258,Yes
6259,Yes
6260,No
6261,Yes
6262,No
6263,No
6264,No
6265,Yes
6266,Yes
6267,No
6268,Yes
6269,No
6270,Yes
6271,No
6272,No
6273,Yes
6274,Yes
6275,Yes
6276,Yes
6277,Yes
6278,No
6279,Yes
6280,Yes
6281,Yes
6282,Yes
6283,Yes
6284,Yes
6285,Yes
6286,No
6287,No
6288,Yes
6289,Yes
6290,No
6291,Yes
6292,No
6293,Yes
6294,No
6295,Yes
6296,Yes
6297,No
6298,Yes
6299,Yes
6300,Yes
6301,Yes
6302,No
6303,Yes
6304,Yes
6305,Yes
6306,Yes
6307,No
6308,No
6309,No
6310,Yes
6311,Yes
6312,Yes
6313,Yes
6314,No
6315,No
6316,No
6317,Yes
6318,Yes
6319,Yes
6320,Yes
6321,Yes
6322,Yes
6323,No
6324,Yes
6325,Yes
6326,No
6327,Yes
6328,No
6329,No
6330,No
6331,No
6332,No
6333,Yes
6334,Yes
6335,Yes
6336,Yes
6337,Yes
6338,No
6339,Yes
6340,Yes
6341,Yes
6342,Yes
6343,No
6344,No
6345,No
6346,No
6347,Yes
6348,Yes
6349,No
6350,Yes
6351,No
6352,No
6353,Yes
6354,No
6355,Yes
6356,Yes
6357,No
6358,Yes
6359,Yes
6360,Yes
6361,Yes
6362,Yes
6363,Yes
6364,Yes
6365,Yes
6366,No
6367,Yes
6368,Yes
6369,Yes
6370,Yes
6371,Yes
6372,Yes
6373,Yes
6374,Yes
6375,No
6376,No
6377,Yes
6378,Yes
6379,No
6380,Yes
6381,No
6382,Yes
6383,Yes
6384,No
6385,Yes
6386,Yes
6387,Yes
6388,No
6389,Yes
6390,No
6391,Yes
6392,Yes
6393,No
6394,Yes
6395,Yes
6396,No
6397,Yes
6398,Yes
6399,No
6400,Yes
6401,Yes
6402,Yes
6403,Yes
6404,Yes
6405,Yes
6406,No
6407,Yes
6408,Yes
6409,Yes
6410,Yes
6411,No
6412,Yes
6413,No
6414,Yes
6415,Yes
6416,No
6417,Yes
6418,No
6419,Yes
6420,Yes
6421,Yes
6422,Yes
6423,Yes
6424,Yes
6425,Yes
6426,Yes
6427,No
6428,Yes
6429,No
6430,No
6431,No
6432,No
6433,Yes
6434,Yes
6435,Yes
6436,Yes
6437,No
6438,No
6439,Yes
6440,Yes
6441,No
6442,Yes
6443,Yes
6444,Yes
6445,Yes
6446,Yes
6447,Yes
6448,Yes
6449,Yes
6450,Yes
6451,No
6452,No
6453,Yes
6454,Yes
6455,No
6456,No
6457,No
6458,No
6459,Yes
6460,No
6461,No
6462,No
6463,Yes
6464,Yes
6465,No
6466,No
6467,Yes
6468,No
6469,Yes
6470,Yes
6471,Yes
6472,No
6473,No
6474,Yes
6475,Yes
6476,No
6477,No
6478,Yes
6479,Yes
6480,Yes
6481,No
6482,Yes
6483,Yes
6484,No
6485,Yes
6486,Yes
6487,No
6488,Yes
6489,Yes
6490,No
6491,Yes
6492,No
6493,Yes
6494,Yes
6495,Yes
6496,No
6497,Yes
6498,No
6499,Yes
6500,Yes
6501,Yes
6502,Yes
6503,No
6504,No
6505,Yes
6506,Yes
6507,Yes
6508,Yes
6509,Yes
6510,Yes
6511,Yes
6512,No
6513,Yes
6514,Yes
6515,No
6516,Yes
6517,No
6518,Yes
6519,No
6520,Yes
6521,No
6522,Yes
6523,Yes
6524,Yes
6525,Yes
6526,Yes
6527,Yes
6528,No
6529,Yes
6530,Yes
6531,Yes
6532,Yes
6533,Yes
6534,Yes
6535,Yes
6536,Yes
6537,No
6538,Yes
6539,No
6540,Yes
6541,Yes
6542,Yes
6543,No
6544,No
6545,Yes
6546,No
6547,Yes
6548,Yes
6549,No
6550,Yes
6551,Yes
6552,Yes
6553,Yes
6554,Yes
6555,Yes
6556,Yes
6557,Yes
6558,Yes
6559,Yes
6560,No
6561,No
6562,Yes
6563,Yes
6564,No
6565,Yes
6566,Yes
6567,Yes
6568,No
6569,Yes
6570,Yes
6571,Yes
6572,No
6573,Yes
6574,No
6575,Yes
6576,No
6577,Yes
6578,Yes
6579,Yes
6580,Yes
6581,Yes
6582,No
6583,No
6584,Yes
6585,No
6586,No
6587,No
6588,No
6589,Yes
6590,Yes
6591,Yes
6592,Yes
6593,No
6594,No
6595,Yes
6596,No
6597,Yes
6598,Yes
6599,Yes
6600,No
6601,No
6602,No
6603,No
6604,No
6605,Yes
6606,Yes
6607,Yes
6608,Yes
6609,Yes
6610,No
6611,Yes
6612,Yes
6613,Yes
6614,Yes
6615,Yes
6616,No
6617,Yes
6618,Yes
6619,Yes
6620,Yes
6621,Yes
6622,Yes
6623,Yes
6624,Yes
6625,Yes
6626,Yes
6627,Yes
6628,Yes
6629,No
6630,Yes
6631,No
6632,No
6633,Yes
6634,No
6635,No
6636,Yes
6637,Yes
6638,Yes
6639,No
6640,Yes
6641,No
6642,Yes
6643,Yes
6644,Yes
6645,Yes
6646,Yes
6647,Yes
6648,Yes
6649,Yes
6650,No
6651,No
6652,Yes
6653,Yes
6654,Yes
6655,Yes
6656,Yes
6657,Yes
6658,No
6659,No
6660,Yes
6661,No
6662,Yes
6663,Yes
6664,Yes
6665,No
6666,No
6667,No
6668,Yes
6669,Yes
6670,No
6671,Yes
6672,Yes
6673,Yes
6674,Yes
6675,Yes
6676,No
6677,No
6678,No
6679,Yes
6680,Yes
6681,Yes
6682,No
6683,No
6684,Yes
6685,Yes
6686,Yes
6687,Yes
6688,No
6689,No
6690,No
6691,No
6692,Yes
6693,Yes
6694,Yes
6695,No
6696,Yes
6697,Yes
6698,Yes
6699,No
6700,No
6701,Yes
6702,Yes
6703,No
6704,No
6705,Yes
6706,No
6707,Yes
6708,Yes
6709,Yes
6710,Yes
6711,No
6712,No
6713,Yes
6714,Yes
6715,Yes
6716,No
6717,Yes
6718,Yes
6719,Yes
6720,Yes
6721,No
6722,Yes
6723,Yes
6724,No
6725,Yes
6726,Yes
6727,No
6728,No
6729,No
6730,Yes
6731,No
6732,Yes
6733,No
6734,Yes
6735,Yes
6736,Yes
6737,Yes
6738,Yes
6739,Yes
6740,Yes
6741,No
6742,Yes
6743,Yes
6744,Yes
6745,No
6746,No
6747,No
6748,Yes
6749,Yes
6750,No
6751,Yes
6752,No
6753,Yes
6754,Yes
6755,No
6756,Yes
6757,Yes
6758,Yes
6759,Yes
6760,Yes
6761,Yes
6762,Yes
6763,No
6764,No
6765,Yes
6766,Yes
6767,Yes
6768,Yes
6769,Yes
6770,Yes
6771,No
6772,No
6773,No
6774,No
6775,Yes
6776,Yes
6777,No
6778,No
6779,No
6780,Yes
6781,No
6782,Yes
6783,Yes
6784,Yes
6785,Yes
6786,Yes
6787,No
6788,No
6789,No
6790,Yes
6791,No
6792,No
6793,Yes
6794,No
6795,Yes
6796,Yes
6797,No
6798,Yes
6799,Yes
6800,Yes
6801,No
6802,Yes
6803,Yes
6804,Yes
6805,No
6806,Yes
6807,No
6808,Yes
6809,Yes
6810,No
6811,No
6812,No
6813,No
6814,Yes
6815,Yes
6816,Yes
6817,Yes
6818,Yes
6819,No
6820,Yes
6821,Yes
6822,Yes
6823,No
6824,Yes
6825,No
6826,No
6827,Yes
6828,Yes
6829,Yes
6830,Yes
6831,No
6832,No
6833,Yes
6834,Yes
6835,Yes
6836,Yes
6837,Yes
6838,Yes
6839,Yes
6840,Yes
6841,No
6842,Yes
6843,Yes
6844,Yes
6845,Yes
6846,No
6847,Yes
6848,Yes
6849,No
6850,Yes
6851,Yes
6852,Yes
6853,Yes
6854,Yes
6855,Yes
6856,Yes
6857,Yes
6858,Yes
6859,Yes
6860,Yes
6861,Yes
6862,Yes
6863,No
6864,No
6865,Yes
6866,No
6867,Yes
6868,No
6869,Yes
6870,Yes
6871,Yes
6872,No
6873,No
6874,No
6875,Yes
6876,No
6877,No
6878,Yes
6879,Yes
6880,Yes
6881,Yes
6882,Yes
6883,Yes
6884,Yes
6885,Yes
6886,No
6887,Yes
6888,No
6889,Yes
6890,No
6891,Yes
6892,Yes
6893,Yes
6894,Yes
6895,Yes
6896,No
6897,Yes
6898,Yes
6899,No
6900,No
6901,Yes
6902,Yes
6903,Yes
6904,Yes
6905,Yes
6906,No
6907,No
6908,No
6909,Yes
6910,Yes
6911,Yes
6912,No
6913,No
6914,No
6915,Yes
6916,Yes
6917,Yes
6918,Yes
6919,Yes
6920,Yes
6921,Yes
6922,Yes
6923,No
6924,Yes
6925,Yes
6926,Yes
6927,Yes
6928,Yes
6929,Yes
6930,Yes
6931,Yes
6932,Yes
6933,Yes
6934,Yes
6935,Yes
6936,Yes
6937,Yes
6938,Yes
6939,Yes
6940,No
6941,Yes
6942,Yes
6943,No
6944,Yes
6945,No
6946,Yes
6947,Yes
6948,No
6949,Yes
6950,Yes
6951,Yes
6952,Yes
6953,No
6954,Yes
6955,Yes
6956,Yes
6957,Yes
6958,Yes
6959,Yes
6960,Yes
6961,No
6962,Yes
6963,Yes
6964,No
6965,Yes
6966,Yes
6967,Yes
6968,Yes
6969,Yes
6970,No
6971,Yes
6972,Yes
6973,Yes
6974,Yes
6975,Yes
6976,Yes
6977,Yes
6978,Yes
6979,Yes
6980,Yes
6981,Yes
6982,No
6983,Yes
6984,Yes
6985,Yes
6986,Yes
6987,No
6988,Yes
6989,Yes
6990,Yes
6991,Yes
6992,No
6993,No
6994,No
6995,Yes
6996,No
6997,No
6998,No
6999,No
7000,Yes
7001,No
7002,No
7003,Yes
7004,Yes
7005,Yes
7006,Yes
7007,Yes
7008,Yes
7009,Yes
7010,No
7011,Yes
7012,Yes
7013,No
7014,Yes
7015,Yes
7016,No
7017,Yes
7018,Yes
7019,Yes
7020,Yes
7021,Yes
7022,Yes
7023,No
7024,Yes
7025,No
7026,Yes
7027,Yes
7028,No
7029,Yes
7030,Yes
7031,Yes
7032,Yes
7033,No
7034,Yes
7035,Yes
7036,Yes
7037,Yes
7038,Yes
7039,Yes
7040,Yes
7041,Yes
7042,Yes
7043,No
7044,Yes
7045,No
7046,No
7047,Yes
7048,Yes
7049,Yes
7050,Yes
7051,Yes
7052,No
7053,Yes
7054,Yes
7055,Yes
7056,No
7057,Yes
7058,Yes
7059,No
7060,Yes
7061,Yes
7062,No
7063,Yes
7064,No
7065,Yes
7066,Yes
7067,No
7068,Yes
7069,Yes
7070,No
7071,Yes
7072,Yes
7073,Yes
7074,Yes
7075,Yes
7076,No
7077,Yes
7078,No
7079,Yes
7080,No
7081,Yes
7082,No
7083,Yes
7084,Yes
7085,No
7086,Yes
7087,Yes
7088,Yes
7089,Yes
7090,Yes
7091,Yes
7092,No
7093,Yes
7094,Yes
7095,Yes
7096,Yes
7097,Yes
7098,Yes
7099,Yes
7100,Yes
7101,No
7102,No
7103,Yes
7104,Yes
7105,Yes
7106,Yes
7107,Yes
7108,Yes
7109,Yes
7110,No
7111,No
7112,Yes
7113,Yes
7114,No
7115,No
7116,Yes
7117,Yes
7118,Yes
7119,Yes
7120,Yes
7121,Yes
7122,No
7123,No
7124,No
7125,Yes
7126,Yes
7127,Yes
7128,No
7129,Yes
7130,No
7131,No
7132,No
7133,Yes
7134,No
7135,Yes
7136,No
7137,No
7138,Yes
7139,Yes
7140,Yes
7141,Yes
7142,Yes
7143,Yes
7144,No
7145,Yes
7146,Yes
7147,Yes
7148,Yes
7149,Yes
7150,Yes
7151,Yes
7152,No
7153,Yes
7154,No
7155,Yes
7156,Yes
7157,Yes
7158,Yes
7159,Yes
7160,No
7161,Yes
7162,Yes
7163,No
7164,Yes
7165,No
7166,Yes
7167,Yes
7168,No
7169,No
7170,Yes
7171,Yes
7172,Yes
7173,Yes
7174,Yes
7175,Yes
7176,No
7177,Yes
7178,No
7179,Yes
7180,Yes
7181,No
7182,No
7183,Yes
7184,Yes
7185,Yes
7186,Yes
7187,No
7188,No
7189,Yes
7190,Yes
7191,No
7192,No
7193,Yes
7194,No
7195,Yes
7196,Yes
7197,Yes
7198,Yes
7199,No
7200,Yes
7201,No
7202,Yes
7203,Yes
7204,Yes
7205,Yes
7206,Yes
7207,No
7208,No
7209,Yes
7210,Yes
7211,Yes
7212,Yes
7213,Yes
7214,Yes
7215,No
7216,No
7217,No
7218,No
7219,Yes
7220,No
7221,No
7222,No
7223,Yes
7224,Yes
7225,Yes
7226,No
7227,Yes
7228,Yes
7229,Yes
7230,Yes
7231,No
7232,Yes
7233,Yes
7234,No
7235,Yes
7236,No
7237,Yes
7238,No
7239,Yes
7240,Yes
7241,Yes
7242,Yes
7243,Yes
7244,Yes
7245,No
7246,Yes
7247,Yes
7248,Yes
7249,No
7250,Yes
7251,Yes
7252,Yes
7253,No
7254,Yes
7255,Yes
7256,Yes
7257,Yes
7258,No
7259,Yes
7260,Yes
7261,Yes
7262,Yes
7263,No
7264,Yes
7265,Yes
7266,Yes
7267,No
7268,No
7269,Yes
7270,No
7271,Yes
7272,Yes
7273,Yes
7274,Yes
7275,Yes
7276,Yes
7277,Yes
7278,Yes
7279,Yes
7280,Yes
7281,Yes
7282,No
7283,Yes
7284,Yes
7285,Yes
7286,Yes
7287,No
7288,Yes
7289,No
7290,No
7291,No
7292,Yes
7293,No
7294,No
7295,Yes
7296,No
7297,Yes
7298,Yes
7299,Yes
7300,Yes
7301,Yes
7302,Yes
7303,Yes
7304,Yes
7305,No
7306,No
7307,Yes
7308,No
7309,Yes
7310,Yes
7311,Yes
7312,Yes
7313,Yes
7314,Yes
7315,No
7316,No
7317,No
7318,Yes
7319,Yes
7320,No
7321,No
7322,Yes
7323,No
7324,Yes
7325,Yes
7326,Yes
7327,Yes
7328,Yes
7329,Yes
7330,No
7331,Yes
7332,Yes
7333,No
7334,Yes
7335,Yes
7336,Yes
7337,No
7338,No
7339,No
7340,No
7341,No
7342,No
7343,Yes
7344,No
7345,Yes
7346,Yes
7347,No
7348,No
7349,Yes
7350,Yes
7351,Yes
7352,Yes
7353,Yes
7354,Yes
7355,Yes
7356,Yes
7357,Yes
7358,No
7359,Yes
7360,Yes
7361,Yes
7362,Yes
7363,Yes
7364,Yes
7365,Yes
7366,Yes
7367,Yes
7368,Yes
7369,Yes
7370,Yes
7371,Yes
7372,Yes
7373,Yes
7374,No
7375,Yes
7376,Yes
7377,No
7378,No
7379,Yes
7380,No
7381,Yes
7382,No
7383,Yes
7384,Yes
7385,Yes
7386,No
7387,Yes
7388,Yes
7389,Yes
7390,No
7391,No
7392,No
7393,Yes
7394,Yes
7395,Yes
7396,Yes
7397,Yes
7398,Yes
7399,No
7400,No
7401,No
7402,Yes
7403,No
7404,Yes
7405,No
7406,No
7407,Yes
7408,Yes
7409,No
7410,Yes
7411,Yes
7412,Yes
7413,No
7414,Yes
7415,Yes
7416,No
7417,Yes
7418,Yes
7419,No
7420,Yes
7421,Yes
7422,Yes
7423,Yes
7424,No
7425,No
7426,No
7427,No
7428,No
7429,Yes
7430,No
7431,Yes
7432,Yes
7433,No
7434,Yes
7435,Yes
7436,Yes
7437,No
7438,Yes
7439,No
7440,No
7441,Yes
7442,Yes
7443,Yes
7444,Yes
7445,Yes
7446,No
7447,No
7448,No
7449,No
7450,No
7451,Yes
7452,Yes
7453,No
7454,No
7455,Yes
7456,No
7457,Yes
7458,Yes
7459,No
7460,No
7461,Yes
7462,No
7463,Yes
7464,No
7465,Yes
7466,Yes
7467,Yes
7468,No
7469,Yes
7470,Yes
7471,Yes
7472,Yes
7473,No
7474,No
7475,No
7476,Yes
7477,Yes
7478,Yes
7479,No
7480,Yes
7481,Yes
7482,No
7483,No
7484,Yes
7485,Yes
7486,Yes
7487,Yes
7488,Yes
7489,Yes
7490,No
7491,Yes
7492,No
7493,No
7494,No
7495,Yes
7496,No
7497,No
7498,Yes
7499,Yes
7500,No
7501,Yes
7502,Yes
7503,No
7504,No
7505,No
7506,Yes
7507,Yes
7508,Yes
7509,Yes
7510,Yes
7511,No
7512,Yes
7513,No
7514,Yes
7515,No
7516,No
7517,No
7518,No
7519,No
7520,No
7521,Yes
7522,Yes
7523,No
7524,Yes
7525,No
7526,Yes
7527,No
7528,Yes
7529,Yes
7530,No
7531,Yes
7532,Yes
7533,Yes
7534,Yes
7535,Yes
7536,Yes
7537,Yes
7538,No
7539,Yes
7540,Yes
7541,Yes
7542,Yes
7543,Yes
7544,Yes
7545,Yes
7546,No
7547,No
7548,Yes
7549,No
7550,Yes
7551,Yes
7552,Yes
7553,Yes
7554,Yes
7555,Yes
7556,Yes
7557,No
7558,No
7559,Yes
7560,Yes
7561,No
7562,Yes
7563,Yes
7564,Yes
7565,Yes
7566,No
7567,Yes
7568,No
7569,Yes
7570,No
7571,No
7572,Yes
7573,No
7574,Yes
7575,Yes
7576,No
7577,Yes
7578,No
7579,Yes
7580,No
7581,No
7582,Yes
7583,Yes
7584,No
7585,Yes
7586,No
7587,Yes
7588,Yes
7589,Yes
7590,Yes
7591,No
7592,Yes
7593,No
7594,No
7595,Yes
7596,Yes
7597,Yes
7598,Yes
7599,Yes
7600,Yes
7601,No
7602,No
7603,Yes
7604,Yes
7605,Yes
7606,No
7607,No
7608,Yes
7609,No
7610,Yes
7611,Yes
7612,No
7613,Yes
7614,Yes
7615,Yes
7616,Yes
7617,Yes
7618,Yes
7619,Yes
7620,No
7621,No
7622,Yes
7623,Yes
7624,Yes
7625,No
7626,No
7627,Yes
7628,Yes
7629,Yes
7630,No
7631,Yes
7632,Yes
7633,No
7634,Yes
7635,Yes
7636,Yes
7637,No
7638,Yes
7639,Yes
7640,Yes
7641,Yes
7642,Yes
7643,Yes
7644,Yes
7645,No
7646,Yes
7647,No
7648,Yes
7649,Yes
7650,No
7651,No
7652,Yes
7653,Yes
7654,Yes
7655,Yes
7656,No
7657,No
7658,No
7659,No
7660,No
7661,Yes
7662,Yes
7663,No
7664,Yes
7665,Yes
7666,Yes
7667,Yes
7668,Yes
7669,Yes
7670,Yes
7671,Yes
7672,No
7673,Yes
7674,Yes
7675,No
7676,Yes
7677,Yes
7678,No
7679,Yes
7680,Yes
7681,Yes
7682,Yes
7683,No
7684,Yes
7685,Yes
7686,Yes
7687,Yes
7688,No
7689,Yes
7690,No
7691,No
7692,Yes
7693,No
7694,Yes
7695,Yes
7696,Yes
7697,Yes
7698,No
7699,Yes
7700,No
7701,Yes
7702,Yes
7703,Yes
7704,No
7705,No
7706,No
7707,No
7708,Yes
7709,Yes
7710,Yes
7711,No
7712,Yes
7713,Yes
7714,No
7715,Yes
7716,No
7717,Yes
7718,Yes
7719,Yes
7720,Yes
7721,Yes
7722,Yes
7723,Yes
7724,Yes
7725,Yes
7726,No
7727,Yes
7728,Yes
7729,No
7730,No
7731,Yes
7732,Yes
7733,Yes
7734,No
7735,No
7736,Yes
7737,Yes
7738,Yes
7739,Yes
7740,Yes
7741,Yes
7742,Yes
7743,No
7744,Yes
7745,Yes
7746,Yes
7747,Yes
7748,No
7749,Yes
7750,Yes
7751,Yes
7752,Yes
7753,Yes
7754,No
7755,No
7756,Yes
7757,Yes
7758,Yes
7759,Yes
7760,Yes
7761,No
7762,Yes
7763,Yes
7764,No
7765,No
7766,Yes
7767,Yes
7768,No
7769,Yes
7770,No
7771,Yes
7772,No
7773,No
7774,Yes
7775,No
7776,Yes
7777,Yes
7778,No
7779,Yes
7780,Yes
7781,No
7782,Yes
7783,No
7784,Yes
7785,No
7786,Yes
7787,Yes
7788,No
7789,No
7790,Yes
7791,Yes
7792,Yes
7793,No
7794,No
7795,Yes
7796,No
7797,Yes
7798,No
7799,Yes
7800,Yes
7801,No
7802,Yes
7803,No
7804,Yes
7805,Yes
7806,Yes
7807,Yes
7808,No
7809,No
7810,Yes
7811,Yes
7812,Yes
7813,Yes
7814,Yes
7815,Yes
7816,No
7817,No
7818,No
7819,No
7820,Yes
7821,Yes
7822,No
7823,Yes
7824,No
7825,Yes
7826,No
7827,No
7828,Yes
7829,No
7830,Yes
7831,Yes
7832,Yes
7833,Yes
7834,No
7835,Yes
7836,Yes
7837,No
7838,No
7839,Yes
7840,No
7841,Yes
7842,No
7843,No
7844,No
7845,Yes
7846,Yes
7847,Yes
7848,Yes
7849,Yes
7850,Yes
7851,Yes
7852,No
7853,Yes
7854,Yes
7855,No
7856,Yes
7857,Yes
7858,Yes
7859,Yes
7860,Yes
7861,No
7862,Yes
7863,Yes
7864,Yes
7865,Yes
7866,Yes
7867,No
7868,Yes
7869,Yes
7870,No
7871,Yes
7872,No
7873,Yes
7874,Yes
7875,Yes
7876,Yes
7877,No
7878,Yes
7879,Yes
7880,No
7881,No
7882,No
7883,No
7884,Yes
7885,Yes
7886,Yes
7887,Yes
7888,Yes
7889,Yes
7890,Yes
7891,Yes
7892,Yes
7893,Yes
7894,Yes
7895,Yes
7896,Yes
7897,Yes
7898,Yes
7899,Yes
7900,No
7901,Yes
7902,Yes
7903,Yes
7904,Yes
7905,Yes
7906,Yes
7907,No
7908,No
7909,Yes
7910,Yes
7911,Yes
7912,No
7913,Yes
7914,Yes
7915,Yes
7916,Yes
7917,No
7918,Yes
7919,Yes
7920,Yes
7921,Yes
7922,Yes
7923,Yes
7924,Yes
7925,Yes
7926,No
7927,Yes
7928,Yes
7929,Yes
7930,Yes
7931,No
7932,Yes
7933,No
7934,No
7935,No
7936,Yes
7937,Yes
7938,Yes
7939,Yes
7940,No
7941,Yes
7942,Yes
7943,Yes
7944,Yes
7945,Yes
7946,Yes
7947,Yes
7948,Yes
7949,No
7950,No
7951,Yes
7952,Yes
7953,No
7954,Yes
7955,Yes
7956,Yes
7957,Yes
7958,Yes
7959,Yes
7960,Yes
7961,No
7962,Yes
7963,No
7964,Yes
7965,Yes
7966,Yes
7967,No
7968,Yes
7969,Yes
7970,Yes
7971,Yes
7972,Yes
7973,No
7974,Yes
7975,Yes
7976,Yes
7977,Yes
7978,Yes
7979,Yes
